"Id";"Designator";"Footprint";"Quantity";"Designation";"Supplier and ref";
1;"R5,R6,R14,R39,R16,R7,R50,R51,R21,R53";"R_0603_1608Metric";10;"1k";;;
2;"C1,C4";"CP_Elec_8x6.9";2;"220uF/25V";;;
3;"J8";"PinSocket_1x05_P2.54mm_Vertical";1;"Debug/CAN";;;
4;"F1";"Fuse_BelFuse_0ZRE0005FF_L8.3mm_W3.8mm";1;"30V/0.09A";;;
5;"C21,C19,C25,C28,C30,C23,C43,C45";"C_0603_1608Metric";8;"1uF/6.3V";;;
6;"J5";"SMA_Amphenol_132291_Vertical";1;"Conn_Coaxial";;;
7;"D19";"D_SOD-123";1;"1N4148";;;
8;"R17";"R_0603_1608Metric";1;"2k";;;
9;"D5,D9,D3,D16,D7,D2,D20";"D_SMA";7;"Schottkey/1A";;;
10;"C14";"CP_Elec_8x6.5";1;"220uF/10v";;;
11;"C2";"C_0603_1608Metric";1;"10uFx16v";;;
12;"C22,C46,C20,C24,C44,C29,C26,C31";"C_0603_1608Metric";8;"0.1uF/6.3V";;;
13;"L2";"L_Pulse_PA4320";1;"INDUCTOR";;;
14;"J3";"PinSocket_1x04_P2.54mm_Vertical";1;"USB_Con";;;
15;"D22,D15,D11,D10,D1,D21";"D_SOD-123";6;"3.9 Zener";;;
16;"D17";"LED_0805_2012Metric";1;"ST";;;
17;"R29,R33,R3,R36,R22,R31,R13,R30,R28,R23,R11,R24,R4,R43,R47,R44";"R_0603_1608Metric";16;"10k";;;
18;"R34,R35";"R_0603_1608Metric";2;"1K(1%)0.1W";;;
19;"C6,C3,C16,C47,C5";"C_0603_1608Metric";5;"1uF";;;
20;"C17,C42,C18,C41";"C_0603_1608Metric";4;"18pF";;;
21;"Q4";"SOT-23";1;"BSS84";;;
22;"JP1";"SolderJumper-2_P1.3mm_Open_RoundedPad1.0x1.5mm";1;"Analog fuel jumper";;;
23;"Q2,Q3,Q5";"SOT-23";3;"BC817";;;
24;"C11";"C_0603_1608Metric";1;"1uF/16V";;;
25;"R32,R41,R42,R40,R38,R37";"R_0603_1608Metric";6;"10K";;;
26;"C15,C27";"C_0805_2012Metric";2;"0.1uFx/10V";;;
27;"C9,C10";"CP_Radial_D5.0mm_P2.50mm";2;"10uF/25V";;;
28;"R9";"R_0603_1608Metric";1;"1.1k";;;
29;"K3";"RELAY_SRA-05VDC-CL";1;"SRA-05VDC-CL";;;
30;"D12";"LED_0805_2012Metric";1;"PW_LED";;;
31;"D6";"LED_0805_2012Metric";1;"G_LED";;;
32;"C40,C37";"C_0603_1608Metric";2;"22pF";;;
33;"R20,R10,R12";"R_0603_1608Metric";3;"33k";;;
34;"CN1";"66201821122";1;"Main_Connector";;;
35;"L1";"L_Taiyo-Yuden_NR-60xx";1;"L-US";;;
36;"J6";"PinSocket_1x05_P2.54mm_Vertical";1;"Debug/GPS_DBG";;;
37;"TP2";"TestPoint_Pad_1.0x1.0mm";1;"5V";;;
38;"BZ1";"MagneticBuzzer_ProSignal_ABI-009-RC";1;"Buzzer";;;
39;"Y4";"Crystal_DS10_D1.0mm_L4.3mm_Vertical";1;"32.678kHz";;;
40;"U8";"A9G";1;"A9G";;;
41;"C12";"C_0603_1608Metric";1;"0.1uF/16V";;;
42;"U3";"SOT-23-6";1;"SY7208B";;;
43;"TP1";"TestPoint_Pad_1.0x1.0mm";1;"12V";;;
44;"D4";"LED_0805_2012Metric";1;"R_LED";;;
45;"TP4";"TestPoint_Pad_1.0x1.0mm";1;"BT";;;
46;"D8";"LED_0805_2012Metric";1;"GPRS_LED";;;
47;"D18";"LED_0805_2012Metric";1;"NW";;;
48;"U1";"TO-220-3_Vertical";1;"LM7812_TO220";;;
49;"U13,U6";"LQFP-64_10x10mm_P0.5mm";2;"STM32F103RCTx";;;
50;"D23";"D_SMA";1;"?";;;
51;"J4";"SMA_Amphenol_132291_Vertical";1;"ANT";;;
52;"L5";"L_1206_3216Metric";1;"82nH";;;
53;"Y5,Y1";"Crystal_HC49-U_Vertical";2;"8MHz";;;
54;"K2";"Relay_SPDT_Omron-G5LE-1";1;"G5Q-1";;;
55;"C38";"CP_EIA-6032-15_Kemet-U";1;"330uF";;;
56;"TP3";"TestPoint_Pad_1.0x1.0mm";1;"3.3V";;;
57;"R2,R1,R52";"R_0603_1608Metric";3;"100k";;;
58;"J2";"USB_Mini-B_Lumberg_2486_01_Horizontal";1;"USB_B_Mini";;;
59;"U2";"TO-263-5_TabPin3";1;"LM2596S-5";;;
60;"J10";"PinSocket_1x06_P2.54mm_Vertical";1;"Prog_T";;;
61;"J9";"PinSocket_1x06_P2.54mm_Vertical";1;"Prog_G";;;
62;"J7";"U.FL_Molex_MCRF_73412-0110_Vertical";1;"Conn_Coaxial";;;
63;"U4";"SOT-223-3_TabPin2";1;"LM1117-3.3";;;
64;"R15";"R_0603_1608Metric";1;"5.1k";;;
65;"D13";"LED_0805_2012Metric";1;"Power";;;
66;"C39";"C_0603_1608Metric";1;"10uFx/10V";;;
67;"C8,C7";"C_0603_1608Metric";2;"10uF/16V";;;
68;"R8";"R_0603_1608Metric";1;"8.2k";;;
69;"Q1";"SC-59";1;"SI2333DS";;;
70;"U5";"SOT-23-5";1;"MCP73831-5-OT";;;
71;"R18,R19";"R_0603_1608Metric";2;"33";;;
72;"C35,C34,C36,C33,C32";"C_0603_1608Metric";5;"0.1uF";;;
73;"R46";"R_0603_1608Metric";1;"4.7k";;;
74;"U7";"693021020811";1;"693021020811";;;
75;"U11";"SO08";1;"LM393";;;
76;"J1";"JST_PH_B2B-PH-K_1x02_P2.00mm_Vertical";1;"Conn_01x02";;;
77;"BT1";"BAT_1056";1;"1056";;;
78;"U12";"SOIC-8_5.23x5.23mm_P1.27mm";1;"W25Q128JVS";;;
79;"U9";"SOP65P640X110-16N";1;"MAX3232";;;
80;"R48";"R_0603_1608Metric";1;"120";;;
81;"U10";"SOIC-8_3.9x4.9mm_P1.27mm";1;"MCP2551-I-SN";;;
82;"D14";"D_SOD-123";1;"Schottkey";;;
83;"R49";"R_0603_1608Metric";1;"3.3k";;;
